,Baseline,Linear,Ridge,Lasso
Train,5022.990538783479,4177.08508065889,4177.470260374347,4213.68173386204
Test,5022.427633414087,4328.676072464229,4364.800153912176,4277.017714132308
