Unnamed: 0.1,Baseline,Linear,Ridge,Lasso,DecisionTree,RandomForest
Train,5022.990539,4177.085081,4177.47026,4213.681734,2832.881696,3153.398808
Test,5022.427633,4328.676072,4364.800154,4277.017714,2892.615198,3234.73528
Diffrence,0.562905369,151.5909918,187.3298935,63.33598027,59.73350213,81.33647211
,,,,,,
